"","Princeton University","Harvard University","University of Chicago","Yale University","Stanford University","Columbia University in the City of New York","Massachusetts Institute of Technology","Duke University","University of Pennsylvania","Johns Hopkins University","Dartmouth College","California Institute of Technology","Northwestern University","Brown University","Cornell University","Rice University","University of Notre Dame","Vanderbilt University","Washington University in St Louis","Emory University","Georgetown University","University of California-Berkeley","University of Southern California","Carnegie Mellon University","University of California-Los Angeles","The University of Virginia's College at Wise","Tufts University","Wake Forest University","University of Michigan-Ann Arbor","University of North Carolina at Chapel Hill","Boston College","University of Rochester","College of William and Mary","Brandeis University","California Institute of Technology","New York University","Case Western Reserve University","University of California-Santa Barbara","Boston University","Northeastern University","Rensselaer Polytechnic Institute","Tulane University of Louisiana","University of California-Irvine","Lehigh University","University of Miami","University of California-Hastings College of Law","University of California-San Diego","University of Illinois at Urbana-Champaign","University of Wisconsin-Madison","Pepperdine University","University of Florida","Villanova University","University of Washington-Seattle Campus","George Washington University","Southern Methodist University","University of Georgia","Fordham University","Syracuse University","University of Connecticut","Worcester Polytechnic Institute","University of Maryland-College Park","Clemson University","Yeshiva University","Brigham Young University-Provo","University of Pittsburgh-Bradford","Rutgers University-New Brunswick","Baylor University","Stevens Institute of Technology","University of Minnesota-Twin Cities","American University","Clark University","Texas A & M University-College Station","University of Massachusetts-Amherst","Bryant & Stratton College-Virginia Beach","University of Delaware","Miami University-Oxford","University of California-Santa Cruz","Colorado School of Mines","Michigan State University","Texas Christian University","University of Iowa","Marquette University","University of Denver","University of San Diego","University of Tulsa","Indiana University-Bloomington","Florida State University","University of Vermont","North Carolina State University at Raleigh","University of Colorado Boulder","Drexel University","Saint Louis University","Auburn University","Loyola University Chicago","SUNY College of Environmental Science and Forestry","Illinois Institute of Technology","University of Oregon","University of Alabama at Birmingham","The University of Tennessee-Chattanooga","Rochester Institute of Technology","University of San Francisco","University of New Hampshire-School of Law","University of North Carolina at Asheville","Iowa State University","University of Dayton","University of the Pacific","University of Utah","University of Mississippi","University of Nebraska-Lincoln","University of Oklahoma-Health Sciences Center","Michigan Technological University","Seton Hall University","Temple University","University of Kansas","University of California-Riverside","University of St Thomas","University of St Thomas","University of St Thomas","University of St Thomas","DePaul University","Duquesne University","Howard University","University of Arizona","Catholic University of America","Clarkson University","Arizona State University-Tempe","Colorado State University-Fort Collins","Imagine-Paul Mitchell Partner School","Hofstra University","University of Kentucky","Kansas State University","Mercer University","New Jersey Institute of Technology","University of Arkansas","University of Mississippi","Rutgers University-Newark","University of Cincinnati-Main Campus","George Mason University","Oregon State University","Washington State University","Adelphi University","San Diego State University","Sofia University","Saint John Fisher College","Illinois State University","Immaculata University","University of La Verne","Northwestern Oklahoma State University","University of California-Berkeley","University of Illinois at Chicago","University of Massachusetts-Lowell","Seattle Pacific University","University of Rhode Island","University of Alabama at Birmingham","University of Maryland-Baltimore County","University of North Florida","Biola University","Virginia Commonwealth University","Maryville University of Saint Louis","Missouri University of Science and Technology","Saint Johns University","Union University","Edgewood College","Florida Institute of Technology","University of Idaho","University of Louisville","University of Wyoming","Ball State University","Lipscomb University","Mississippi State University","Montclair State University","Texas Tech University","University of Central Florida","University of New Mexico-Gallup Campus","Andrews University","Azusa Pacific University","University of Maine","West Virginia University","Robert Morris University","Suffolk University","University of Hartford","Athens State University","North Dakota State University-Main Campus","Alabama State University","University of Houston","Western Michigan University","Bowling Green State University-Firelands","Lesley University","Indiana University-Purdue University-Indianapolis","University of Alabama in Huntsville","University of Colorado Denver/Anschutz Medical Campus","University of Nevada-Reno","Central Michigan University","Louisiana Tech University","South Dakota State University","University of North Dakota","University of South Dakota","California State University-Fullerton","University of Alaska Fairbanks","University of North Carolina at Charlotte","East Carolina University","Montana State University","Old Dominion University","University of Missouri-Kansas City","Ashland University","Dallas Baptist University","Northern Illinois University","Nova Southeastern University","Southern Illinois University-Carbondale","University of Montevallo","Benedictine University","Gardner-Webb University","Shenandoah University","Tennessee Technological University","University of Southern Mississippi","Utah State University","California State University-Fresno","New Mexico State University-Dona Ana","University of Massachusetts-Boston","University of Massachusetts-Dartmouth","University of Missouri-St Louis","University of North Carolina at Greensboro"
"State","NJ","MA","IL","CT","CA","NY","MA","NC","PA","MD","NH","CA","IL","RI","NY","TX","IN","TN","MO","GA","DC","CA","CA","PA","CA","VA","MA","NC","MI","NC","MA","NY","VA","MA","CA","NY","OH","CA","MA","MA","NY","LA","CA","PA","FL","CA","CA","IL","WI","CA","FL","PA","WA","DC","TX","GA","NY","NY","CT","MA","MD","SC","NY","UT","PA","NJ","TX","NJ","MN","DC","MA","TX","MA","VA","DE","OH","CA","CO","MI","TX","IA","WI","CO","CA","OK","IN","FL","VT","NC","CO","PA","MO","AL","IL","NY","IL","OR","AL","TN","NY","CA","NH","NC","IA","OH","CA","UT","MS","NE","OK","MI","NJ","PA","KS","CA","MN","MN","TX","TX","IL","PA","DC","AZ","DC","NY","AZ","CO","AR","NY","KY","KS","GA","NJ","AR","MS","NJ","OH","VA","OR","WA","NY","CA","CA","NY","IL","PA","CA","OK","CA","IL","MA","WA","RI","AL","MD","FL","CA","VA","MO","MO","MN","TN","WI","FL","ID","KY","WY","IN","TN","MS","NJ","TX","FL","NM","MI","CA","ME","WV","PA","MA","CT","AL","ND","AL","TX","MI","OH","MA","IN","AL","CO","NV","MI","LA","SD","ND","SD","CA","AK","NC","NC","MT","VA","MO","OH","TX","IL","FL","IL","AL","IL","NC","VA","TN","MS","UT","CA","NM","MA","MA","MO","NC"
"Rank","  1","  2","  3","  4","  5","  6","  7","  8","  9"," 10"," 11"," 12"," 13"," 14"," 15"," 16"," 17"," 18"," 19"," 20"," 21"," 22"," 23"," 24"," 25"," 26"," 27"," 28"," 29"," 30"," 31"," 32"," 33"," 34"," 35"," 36"," 37"," 38"," 39"," 40"," 41"," 42"," 43"," 44"," 45"," 46"," 47"," 48"," 49"," 50"," 51"," 52"," 53"," 54"," 55"," 56"," 57"," 58"," 59"," 60"," 61"," 62"," 63"," 64"," 65"," 66"," 67"," 68"," 69"," 70"," 71"," 72"," 73"," 74"," 75"," 76"," 77"," 78"," 79"," 80"," 81"," 82"," 83"," 84"," 85"," 86"," 87"," 88"," 89"," 90"," 91"," 92"," 93"," 94"," 95"," 96"," 97"," 98"," 99","100","101","102","103","104","105","106","107","108","109","110","111","112","113","114","115","116","116","116","116","117","118","119","120","121","122","123","124","125","126","127","128","129","130","131","132","133","134","135","136","137","138","139","140","141","142","143","144","145","146","147","148","149","150","151","152","153","154","155","156","157","158","159","160","161","162","163","164","165","166","167","168","169","170","171","172","173","174","175","177","178","179","180","181","182","183","184","185","186","187","188","189","190","191","192","193","194","195","196","197","198","199","200","201","202","203","204","205","206","207","208","209","210","211","212","213","214","215","216","217","218","219","220"
"Name","Princeton University","Harvard University","University of Chicago","Yale University","Stanford University","Columbia University in the City of New York","Massachusetts Institute of Technology","Duke University","University of Pennsylvania","Johns Hopkins University","Dartmouth College","California Institute of Technology","Northwestern University","Brown University","Cornell University","Rice University","University of Notre Dame","Vanderbilt University","Washington University in St Louis","Emory University","Georgetown University","University of California-Berkeley","University of Southern California","Carnegie Mellon University","University of California-Los Angeles","The University of Virginia's College at Wise","Tufts University","Wake Forest University","University of Michigan-Ann Arbor","University of North Carolina at Chapel Hill","Boston College","University of Rochester","College of William and Mary","Brandeis University","California Institute of Technology","New York University","Case Western Reserve University","University of California-Santa Barbara","Boston University","Northeastern University","Rensselaer Polytechnic Institute","Tulane University of Louisiana","University of California-Irvine","Lehigh University","University of Miami","University of California-Hastings College of Law","University of California-San Diego","University of Illinois at Urbana-Champaign","University of Wisconsin-Madison","Pepperdine University","University of Florida","Villanova University","University of Washington-Seattle Campus","George Washington University","Southern Methodist University","University of Georgia","Fordham University","Syracuse University","University of Connecticut","Worcester Polytechnic Institute","University of Maryland-College Park","Clemson University","Yeshiva University","Brigham Young University-Provo","University of Pittsburgh-Bradford","Rutgers University-New Brunswick","Baylor University","Stevens Institute of Technology","University of Minnesota-Twin Cities","American University","Clark University","Texas A & M University-College Station","University of Massachusetts-Amherst","Bryant & Stratton College-Virginia Beach","University of Delaware","Miami University-Oxford","University of California-Santa Cruz","Colorado School of Mines","Michigan State University","Texas Christian University","University of Iowa","Marquette University","University of Denver","University of San Diego","University of Tulsa","Indiana University-Bloomington","Florida State University","University of Vermont","North Carolina State University at Raleigh","University of Colorado Boulder","Drexel University","Saint Louis University","Auburn University","Loyola University Chicago","SUNY College of Environmental Science and Forestry","Illinois Institute of Technology","University of Oregon","University of Alabama at Birmingham","The University of Tennessee-Chattanooga","Rochester Institute of Technology","University of San Francisco","University of New Hampshire-School of Law","University of North Carolina at Asheville","Iowa State University","University of Dayton","University of the Pacific","University of Utah","University of Mississippi","University of Nebraska-Lincoln","University of Oklahoma-Health Sciences Center","Michigan Technological University","Seton Hall University","Temple University","University of Kansas","University of California-Riverside","University of St Thomas","University of St Thomas","University of St Thomas","University of St Thomas","DePaul University","Duquesne University","Howard University","University of Arizona","Catholic University of America","Clarkson University","Arizona State University-Tempe","Colorado State University-Fort Collins","Imagine-Paul Mitchell Partner School","Hofstra University","University of Kentucky","Kansas State University","Mercer University","New Jersey Institute of Technology","University of Arkansas","University of Mississippi","Rutgers University-Newark","University of Cincinnati-Main Campus","George Mason University","Oregon State University","Washington State University","Adelphi University","San Diego State University","Sofia University","Saint John Fisher College","Illinois State University","Immaculata University","University of La Verne","Northwestern Oklahoma State University","University of California-Berkeley","University of Illinois at Chicago","University of Massachusetts-Lowell","Seattle Pacific University","University of Rhode Island","University of Alabama at Birmingham","University of Maryland-Baltimore County","University of North Florida","Biola University","Virginia Commonwealth University","Maryville University of Saint Louis","Missouri University of Science and Technology","Saint Johns University","Union University","Edgewood College","Florida Institute of Technology","University of Idaho","University of Louisville","University of Wyoming","Ball State University","Lipscomb University","Mississippi State University","Montclair State University","Texas Tech University","University of Central Florida","University of New Mexico-Gallup Campus","Andrews University","Azusa Pacific University","University of Maine","West Virginia University","Robert Morris University","Suffolk University","University of Hartford","Athens State University","North Dakota State University-Main Campus","Alabama State University","University of Houston","Western Michigan University","Bowling Green State University-Firelands","Lesley University","Indiana University-Purdue University-Indianapolis","University of Alabama in Huntsville","University of Colorado Denver/Anschutz Medical Campus","University of Nevada-Reno","Central Michigan University","Louisiana Tech University","South Dakota State University","University of North Dakota","University of South Dakota","California State University-Fullerton","University of Alaska Fairbanks","University of North Carolina at Charlotte","East Carolina University","Montana State University","Old Dominion University","University of Missouri-Kansas City","Ashland University","Dallas Baptist University","Northern Illinois University","Nova Southeastern University","Southern Illinois University-Carbondale","University of Montevallo","Benedictine University","Gardner-Webb University","Shenandoah University","Tennessee Technological University","University of Southern Mississippi","Utah State University","California State University-Fresno","New Mexico State University-Dona Ana","University of Massachusetts-Boston","University of Massachusetts-Dartmouth","University of Missouri-St Louis","University of North Carolina at Greensboro"
"Tuition.and.fees.x","$45,320 ","$47,074 ","$52,491 ","$49,480 ","$47,940 ","$55,056 ","$48,452 ","$51,265 ","$51,464 ","$50,410 ","$51,438 ","$47,577 ","$50,855 ","$51,367 ","$50,953 ","$43,918 ","$49,685 ","$45,610 ","$49,770 ","$47,954 ","$50,547 ","$40,191 ","$52,217 ","$52,040 ","$39,518 ","$45,066 ","$52,430 ","$49,308 ","$43,476 ","$33,916 ","$51,296 ","$50,142 ","$41,718 ","$51,570 ","$32,404 ","$49,062 ","$46,006 ","$40,704 ","$50,240 ","$47,655 ","$50,797 ","$51,010 ","$39,458 ","$48,320 ","$47,004 ","$40,728 ","$41,387 ","$31,320 ","$32,738 ","$50,022 ","$28,666 ","$49,280 ","$34,791 ","$51,950 ","$50,358 ","$29,844 ","$47,317 ","$45,022 ","$35,858 ","$46,994 ","$32,045 ","$32,796 ","$40,670 ","$5,300 ","$29,758 ","$30,023 ","$42,006 ","$48,838 ","$22,210 ","$44,853 ","$43,150 ","$28,768 ","$30,123 ","$29,371 ","$31,420 ","$31,592 ","$40,241 ","$34,828 ","$39,090 ","$42,670 ","$28,413 ","$38,470 ","$46,362 ","$46,140 ","$38,796 ","$34,246 ","$24,673 ","$40,364 ","$26,399 ","$35,079 ","$51,030 ","$40,726 ","$28,840 ","$41,384 ","$17,620 ","$45,214 ","$33,442 ","$26,950 ","$30,858 ","$38,568 ","$44,494 ","$31,424 ","$31,282 ","$21,483 ","$40,940 ","$44,588 ","$27,039 ","$25,892 ","$23,148 ","$21,451 ","$30,968 ","$39,258 ","$25,994 ","$25,932 ","$40,263 ","$39,594 ","$39,594 ","$39,594 ","$39,594 ","$37,626 ","$35,062 ","$24,908 ","$30,025 ","$42,536 ","$46,132 ","$25,458 ","$28,374 ","$45,535 ","$42,160 ","$26,334 ","$23,429 ","$35,130 ","$30,326 ","$23,168 ","$22,012 ","$29,480 ","$26,334 ","$32,582 ","$28,846 ","$25,673 ","$34,034 ","$18,244 ","$21,208 ","$31,880 ","$20,886 ","$35,210 ","$39,900 ","$20,978 ","$39,944 ","$26,526 ","$29,125 ","$38,940 ","$28,852 ","$17,654 ","$24,492 ","$17,325 ","$36,696 ","$31,608 ","$27,958 ","$26,152 ","$39,460 ","$30,420 ","$27,530 ","$40,446 ","$22,040 ","$24,626 ","$16,215 ","$25,428 ","$29,756 ","$20,142 ","$20,318 ","$22,861 ","$22,467 ","$21,302 ","$27,684 ","$36,120 ","$29,498 ","$21,432 ","$28,250 ","$35,578 ","$37,790 ","$18,376 ","$19,790 ","$42,772 ","$25,410 ","$25,713 ","$18,332 ","$25,750 ","$29,791 ","$20,622 ","$29,334 ","$21,052 ","$23,670 ","$25,851 ","$11,403 ","$18,899 ","$11,688 ","$17,596 ","$22,469 ","$20,193 ","$22,904 ","$23,042 ","$27,028 ","$22,714 ","$20,392 ","$26,180 ","$23,799 ","$27,660 ","$27,130 ","$24,562 ","$32,170 ","$29,850 ","$31,322 ","$24,800 ","$16,094 ","$19,772 ","$17,209 ","$21,234 ","$32,023 ","$19,270 ","$26,277 ","$21,595 "
"City","Princeton","Cambridge","Chicago","New Haven","Stanford","New York","Cambridge","Durham","Philadelphia","Baltimore","Hanover","Pasadena","Evanston","Providence","Ithaca","Houston","Notre Dame","Nashville","Saint Louis","Atlanta","Washington","Berkeley","Los Angeles","Pittsburgh","Los Angeles","Wise","Medford","Winston-Salem","Ann Arbor","Chapel Hill","Chestnut Hill","Rochester","Williamsburg","Waltham","Pasadena","New York","Cleveland","Santa Barbara","Boston","Boston","Troy","New Orleans","Irvine","Bethlehem","Coral Gables","San Francisco","La Jolla","Champaign","Madison","Malibu","Gainesville","Villanova","Seattle","Washington","Dallas","Athens","Bronx","Syracuse","Storrs","Worcester","College Park","Clemson","New York","Provo","Bradford","New Brunswick","Waco","Hoboken","Minneapolis","Washington","Worcester","College Station","Amherst","Virginia Beach","Newark","Oxford","Santa Cruz","Golden","East Lansing","Fort Worth","Iowa City","Milwaukee","Denver","San Diego","Tulsa","Bloomington","Tallahassee","Burlington","Raleigh","Boulder","Philadelphia","Saint Louis","Auburn","Chicago","Syracuse","Chicago","Eugene","Birmingham","Chattanooga","Rochester","San Francisco","Concord","Asheville","Ames","Dayton","Stockton","Salt Lake City","University","Lincoln","Oklahoma City","Houghton","South Orange","Philadelphia","Lawrence","Riverside","Saint Paul","Saint Paul","Houston","Houston","Chicago","Pittsburgh","Washington","Tucson","Washington","Potsdam","Tempe","Fort Collins","North Little Rock","Hempstead","Lexington","Manhattan","Macon","Newark","Fayetteville","University","Newark","Cincinnati","Fairfax","Corvallis","Pullman","Garden City","San Diego","Palo Alto","Rochester","Normal","Immaculata","La Verne","Alva","Berkeley","Chicago","Lowell","Seattle","Kingston","Birmingham","Baltimore","Jacksonville","La Mirada","Richmond","Saint Louis","Rolla","Collegeville","Jackson","Madison","Melbourne","Moscow","Louisville","Laramie","Muncie","Nashville","Mississippi State","Montclair","Lubbock","Orlando","Gallup","Berrien Springs","Azusa","Orono","Morgantown","Moon Township","Boston","West Hartford","Athens","Fargo","Montgomery","Houston","Kalamazoo","Huron","Cambridge","Indianapolis","Huntsville","Denver","Reno","Mount Pleasant","Ruston","Brookings","Grand Forks","Vermillion","Fullerton","Fairbanks","Charlotte","Greenville","Bozeman","Norfolk","Kansas City","Ashland","Dallas","Dekalb","Fort Lauderdale","Carbondale","Montevallo","Lisle","Boiling Springs","Winchester","Cookeville","Hattiesburg","Logan","Fresno","Las Cruces","Boston","North Dartmouth","Saint Louis","Greensboro"
"Zip","08544-0070","2138","60637","6520","94305","10027","02139-4307","27708","19104-6303","21218-2688","03755-3529","91125","60208","2912","14853","77005-1827","46556","37240","63130-4899","30322","20057-0001","94720","90089","15213-3890","90095-1405","24293-4400","02155-5555","27106","48109","27599","2467","14627-0011","23187-8795","02454-9110","91125","10012-1091","44106","93106","2215","02115-5005","12180-3590","70118-5698","92697","18015","33146","94102-4978","92093","61820-5711","53706-1380","90263","32611","19085-1699","98195-4550","20052","75275-0221","30602","10458","13244","6269","01609-2280","20742","29634","10033-3299","84602","16701","08901-1281","76798","07030-5991","55455-0213","20016-8001","01610-1477","77843-1248","1003","23462","19716","45056","95064-1011","80401","48824-1046","76129","52242-1316","53233","80208","92110-2492","74104-3189","47405-7000","32306-1037","05405-0160","27695-7001","80309-0017","19104","63103-2097","36849","60660","13210","60616","97403","35294-0110","37403-2598","14623-5603","94117-1080","03301-4197","28804-8510","50011-2103","45469","95211-0197","84112-9008","38677-1848","68588","73117-1221","49931-1295","07079-2697","19122-6096","66045","92521","55105-1078","55105-1078","77006-4696","77006-4696","60604","15282","20059-0001","85721-0066","20064","13699","85287","80523-0100","72117","11549","40506-0032","66506","31207","7102","72701","38677-1848","7102","45221-0063","22030-4444","97331","99164-5910","11530-0701","92182","94303","14618-3597","61790-1000","19345","91750-4401","73717-2799","94720","60607","01854-5104","98119-1997","2881","35294-0110","21250","32224-7699","90639-0001","23284-2512","63141-7299","65409","56321","38305-3697","53711-1997","32901-6975","83844-2282","40292-0001","82071","47306","37204-3951","39762","07043-1624","79409-5005","32816","87301","49104","91702-7000","4469","26506","15108-1189","02108-2770","06117-1599","35611","58108-6050","36104-0271","77204-2018","49008-5200","44839-9791","02138-2790","46202-5143","35899","80217-3364","89557","48859","71272","57007-1898","58202-8193","57069-2390","92831-3599","99775-7500","28223-0001","27858-4353","59717","23529","64110","44805","75211-9299","60115-2828","33314-7796","62901-4512","35115-6000","60532-0900","28017-0997","22601-5195","38505-0001","39406-0001","84322-1400","93740","88011","02125-3393","02747-2300","63121-4400","27402-6170"
"URL","www.princeton.edu","www.harvard.edu","WWW.UCHICAGO.EDU","www.yale.edu","www.stanford.edu/","www.columbia.edu","web.mit.edu/","WWW.DUKE.EDU","www.upenn.edu","www.jhu.edu","www.dartmouth.edu","www.caltech.edu","www.northwestern.edu","www.brown.edu","www.cornell.edu","www.rice.edu","www.nd.edu","www.vanderbilt.edu","www.wustl.edu","www.emory.edu","www.georgetown.edu","www.berkeley.edu","www.usc.edu/","www.cmu.edu/","www.ucla.edu/","https://www.uvawise.edu/","www.tufts.edu","www.wfu.edu","www.umich.edu","www.unc.edu","www.bc.edu","www.rochester.edu","www.wm.edu","www.brandeis.edu/","www.caltech.edu","www.nyu.edu","www.case.edu","www.ucsb.edu","www.bu.edu","www.northeastern.edu","www.rpi.edu","tulane.edu","www.uci.edu/","www.lehigh.edu","www.miami.edu/","www.uchastings.edu","www.ucsd.edu","www.illinois.edu/","www.wisc.edu","www.pepperdine.edu/","www.ufl.edu/","www.villanova.edu","www.washington.edu","www.gwu.edu","www.smu.edu","www.uga.edu","www.fordham.edu","https://www.syracuse.edu","uconn.edu/","https://www.wpi.edu/","www.umd.edu","www.clemson.edu","www.yu.edu","www.byu.edu","www.upb.pitt.edu/","newbrunswick.rutgers.edu/","www.baylor.edu","www.stevens.edu","https://twin-cities.umn.edu","WWW.AMERICAN.EDU","www.clarku.edu","www.tamu.edu","www.umass.edu","www.bryantstratton.edu","www.udel.edu/","miamioh.edu","www.ucsc.edu/","www.mines.edu","https://www.msu.edu","www.tcu.edu/","www.uiowa.edu","www.marquette.edu","www.du.edu","www.sandiego.edu","https://utulsa.edu","www.iub.edu","www.fsu.edu","www.uvm.edu","www.ncsu.edu","www.colorado.edu","www.drexel.edu","www.slu.edu","www.auburn.edu","www.luc.edu","www.esf.edu","web.iit.edu/","www.uoregon.edu","www.uab.edu","www.utc.edu","www.rit.edu/","https://www.usfca.edu","https://law.unh.edu","https://www.unca.edu","www.iastate.edu","https://www.udayton.edu","www.pacific.edu","www.utah.edu","www.olemiss.edu","www.unl.edu/","ouhsc.edu","www.mtu.edu","www.shu.edu/","www.temple.edu","www.ku.edu","WWW.UCR.EDU","www.stthomas.edu","www.stthomas.edu","www.stthom.edu","www.stthom.edu","https://www.depaul.edu","www.duq.edu","www.howard.edu","www.arizona.edu","https://www.catholic.edu","www.clarkson.edu","www.asu.edu/","www.colostate.edu","paulmitchell.edu/littlerock","www.hofstra.edu","www.uky.edu","www.k-state.edu","www.mercer.edu","www.njit.edu/","www.uark.edu","www.olemiss.edu","www.newark.rutgers.edu/","www.uc.edu","https://www2.gmu.edu/","oregonstate.edu","wsu.edu/","www.adelphi.edu/","www.sdsu.edu","www.sofia.edu","https://www.sjfc.edu","illinoisstate.edu/","www.immaculata.edu","www.laverne.edu/","www.nwosu.edu","www.berkeley.edu","www.uic.edu","www.uml.edu","www.spu.edu","web.uri.edu/","www.uab.edu","umbc.edu","www.unf.edu","https://www.biola.edu","www.vcu.edu/","www.maryville.edu","www.mst.edu/","www.csbsju.edu","www.uu.edu","www.edgewood.edu","www.fit.edu","www.uidaho.edu","www.louisville.edu","www.uwyo.edu","www.bsu.edu","www.lipscomb.edu","www.msstate.edu","www.montclair.edu","www.ttu.edu","www.ucf.edu/","www.gallup.unm.edu","www.andrews.edu","www.apu.edu","www.umaine.edu/","www.wvu.edu","www.rmu.edu","www.suffolk.edu","www.hartford.edu","www.athens.edu","https://www.ndsu.edu","www.alasu.edu","www.uh.edu/","https://wmich.edu/","www.firelands.bgsu.edu","www.lesley.edu","www.iupui.edu","www.uah.edu","www.ucdenver.edu/","www.unr.edu/","https://www.cmich.edu","www.latech.edu","https://www.sdstate.edu/","und.edu","WWW.USD.EDU","www.fullerton.edu","www.uaf.edu","www.uncc.edu","www.ecu.edu","www.montana.edu/","www.odu.edu","www.umkc.edu/","https://www.ashland.edu","https://www.dbu.edu","www.niu.edu","www.nova.edu","www.siu.edu","www.montevallo.edu","www.ben.edu","www.gardner-webb.edu","www.su.edu","www.tntech.edu","www.usm.edu","www.usu.edu","www.csufresno.edu","dacc.nmsu.edu/","www.umb.edu","www.umassd.edu","www.umsl.edu/","www.uncg.edu"
"Latitude","40.34873","42.37447","41.78799","41.31116","37.42943","40.80829","42.36010","36.00113","39.95093","39.32898","43.70412","34.13735","42.05036","41.82617","42.44720","29.71790","41.70306","36.14659","38.64793","33.79018","38.90881","37.87192","34.02128","40.44357","34.06889","36.97147","42.40846","36.13361","42.27592","35.91177","42.33621","43.12640","37.26949","42.36495","34.13735","40.72945","41.50742","34.41630","42.35112","42.33999","42.72998","29.94007","33.64843","40.60682","25.72126","37.78114","32.87660","40.10472","43.07541","34.03779","29.64629","40.03939","47.65538","38.89923","32.84525","33.95626","40.85935","43.04018","41.80910","42.27485","38.98818","34.67938","40.85061","40.25085","41.94342","40.49877","31.54896","40.74478","44.97285","38.93601","42.24999","30.61873","42.38600","36.82783","39.67958","39.50776","36.99558","39.75144","42.73212","32.70957","41.66193","43.03903","39.67800","32.77142","36.15232","39.16609","30.44076","44.47733","35.78511","40.00878","39.95522","38.63680","32.59938","42.00077","43.03477","41.83130","44.04515","33.50570","35.04825","43.08419","37.77556","43.20737","35.61707","42.02621","39.73955","37.98142","40.76248","34.36553","40.81760","35.47928","47.11866","40.74234","39.98055","38.95855","33.97246","44.94344","44.94344","29.73644","29.73644","41.87762","40.43589","38.92239","32.23267","38.93365","44.66272","33.41772","40.57480","34.78991","40.71596","38.03891","39.18865","32.83179","40.74200","36.07001","34.36553","40.73912","39.13116","38.82998","44.56395","46.73045","40.72144","32.77525","37.43033","43.11626","40.50940","40.02798","34.10086","36.79666","37.87192","41.87184","42.65286","47.65021","41.48469","33.50570","39.25669","30.27194","33.90620","37.54763","38.64477","37.95343","45.58008","35.67690","43.05706","28.06582","46.72741","38.21686","41.31177","40.20343","36.10469","33.45485","40.86041","33.58345","28.60216","35.50266","41.96386","34.13005","44.89926","39.63437","40.52041","42.35894","41.79859","34.80679","46.89313","32.36432","29.72039","42.28219","41.39752","42.38012","39.77295","34.72456","39.74515","39.54364","43.59120","32.52830","44.31748","47.92165","42.78602","33.88151","64.85756","35.30602","35.60719","45.66673","36.88642","39.03418","40.86176","32.71002","41.93387","26.07934","37.71419","33.10625","41.77757","35.24732","39.16606","36.17466","31.32661","41.74075","36.81448","32.35449","42.31288","41.62869","38.71031","36.06824"
"Longitude"," -74.65936"," -71.11831"," -87.59954"," -72.92669","-122.16736"," -73.96188"," -71.09212"," -78.93762"," -75.19391"," -76.62159"," -72.28995","-118.12588"," -87.67986"," -71.40385"," -76.48308"," -95.40203"," -86.23896"," -86.80337"," -90.31060"," -84.32551"," -77.07346","-122.26046","-118.28417"," -79.94199","-118.44390"," -82.55873"," -71.12032"," -80.27745"," -83.74277"," -79.05097"," -71.16924"," -77.63120"," -76.70821"," -71.25472","-118.12588"," -73.99726"," -81.60960","-119.84643"," -71.10794"," -71.08878"," -73.67665"," -90.12214","-117.84125"," -75.38024"," -80.27866","-122.41570","-117.23779"," -88.22911"," -89.40410","-118.70708"," -82.34791"," -75.34546","-122.30514"," -77.04836"," -96.78485"," -83.37404"," -73.88271"," -76.13698"," -72.24995"," -71.80834"," -76.94472"," -82.83511"," -73.92987","-111.64928"," -78.67370"," -74.44625"," -97.11764"," -74.02533"," -93.23546"," -77.08888"," -71.82336"," -96.33647"," -72.52673"," -76.13819"," -75.75282"," -84.73295","-122.05880","-105.22336"," -84.47611"," -97.36154"," -91.53642"," -87.92796","-104.96326","-117.18872"," -95.94594"," -86.52656"," -84.29192"," -73.19665"," -78.67452","-105.27082"," -75.19005"," -90.23510"," -85.48826"," -87.65687"," -76.13872"," -87.62732","-123.07579"," -86.79935"," -85.29981"," -77.67386","-122.45098"," -71.54515"," -82.56539"," -93.64850"," -84.17611","-121.31230","-111.84604"," -89.53743"," -96.70051"," -97.49629"," -88.54809"," -74.24603"," -75.15686"," -95.24757","-117.32741"," -93.18899"," -93.18899"," -95.39310"," -95.39310"," -87.62724"," -79.99312"," -77.01897","-110.95082"," -76.99791"," -74.99936","-111.93438","-105.08073"," -92.22220"," -73.60078"," -84.50475"," -96.58108"," -83.64830"," -74.17711"," -94.17698"," -89.53743"," -74.17581"," -84.51428"," -77.30743","-123.27472","-117.15817"," -73.65332","-117.07123","-122.10866"," -77.51306"," -88.99006"," -75.57071","-117.77263"," -98.66767","-122.26046"," -87.65050"," -71.32681","-122.36167"," -71.52736"," -86.79935"," -76.71161"," -81.50914","-118.01437"," -77.45360"," -90.50600"," -91.77558"," -94.39362"," -88.85852"," -89.42288"," -80.62289","-117.01417"," -85.76041","-105.57931"," -85.40904"," -86.79930"," -88.79014"," -74.19814","-101.87478"," -81.20089","-108.72725"," -86.35582","-117.88837"," -68.66933"," -79.95439"," -80.21047"," -71.06179"," -72.71521"," -86.96470"," -96.80084"," -86.29568"," -95.34354"," -85.61376"," -82.59416"," -71.11730"," -86.17222"," -86.64045","-104.83772","-119.81538"," -84.77525"," -92.64996"," -96.78214"," -97.07174"," -96.92528","-117.88545","-147.82315"," -80.73092"," -77.36829","-111.04881"," -76.30666"," -94.58214"," -82.32106"," -96.94701"," -88.76643"," -80.24248"," -89.21727"," -86.86510"," -88.09731"," -81.66814"," -78.15838"," -85.50396"," -89.33124","-111.81391","-119.74826","-106.73717"," -71.03687"," -71.00455"," -90.31109"," -79.80941"
"ADMrate","0.0652","0.054","0.0794","0.0632","0.0481","0.0683","0.0794","0.1083","0.0944","0.1284","0.1059","0.0807","0.1066","0.0931","0.1409","0.1527","0.1873","0.1075","0.1653","0.2529","0.1685","0.1693","0.1662","0.2171","0.1799","0.7771","0.1429","0.3034","0.2859","0.2694","0.3114","0.3553","0.3652","0.3344","0.0807","0.3187","0.3544","0.3577","0.2943","0.2888","0.4435","0.255","0.4065","0.2611","0.3771","NULL","0.3566","0.6007","0.5262","0.3687","0.4594","0.435","0.4535","0.4021","0.4892","0.539","0.4522","0.5232","0.488","0.4844","0.4806","0.5054","0.5075","0.5118","0.526","0.5694","0.3972","0.3911","0.4441","0.2591","0.5473","0.6717","0.5968","NULL","0.695","0.6538","0.5785","0.4035","0.6574","0.3758","0.8411","0.8434","0.5347","0.5138","0.3696","0.7872","0.5801","0.6894","0.4751","0.7662","0.7465","0.6474","0.8054","0.7257","0.5421","0.571","0.7787","0.5814","0.7826","0.5493","0.7137","NULL","0.7593","0.8749","0.6035","0.6599","0.7642","0.783","0.7527","NULL","0.7644","0.669","0.5219","0.9301","0.6634","0.8266","0.8266","0.7739","0.7739","0.6975","0.7394","0.3","0.7862","0.7955","0.6821","0.825","0.7796","NULL","0.6222","0.9079","0.9407","0.6935","0.593","0.632","0.783","0.6531","0.7642","0.8099","0.7748","0.7204","0.7029","0.3464","NULL","0.6454","0.8888","0.8189","0.4806","0.4377","0.1693","0.7359","0.6057","0.8728","0.7276","0.5814","0.5683","0.6453","0.6485","0.8115","0.928","0.7933","0.8778","0.6257","0.7587","0.6133","0.7589","0.7257","0.9508","0.6225","0.6085","0.5567","0.6613","0.626","0.4999","NULL","0.4042","0.6146","0.8975","0.7612","0.7984","0.8442","0.7193","NULL","0.928","0.459","0.5854","0.8231","NULL","0.6373","0.7397","0.7628","0.6052","0.8281","0.7156","0.6319","0.9076","0.8369","0.8813","0.4823","0.7347","0.6203","0.7034","0.8287","0.8464","0.6187","0.7247","0.4311","0.5184","0.5254","0.7665","0.6542","NULL","0.5188","0.8802","0.6721","0.6014","0.9025","0.5354","NULL","0.6852","0.7602","0.7062","0.7393"
"Ownership","Private nonprofit","Private nonprofit","Private nonprofit","Private nonprofit","Private nonprofit","Private nonprofit","Private nonprofit","Private nonprofit","Private nonprofit","Private nonprofit","Private nonprofit","Private nonprofit","Private nonprofit","Private nonprofit","Private nonprofit","Private nonprofit","Private nonprofit","Private nonprofit","Private nonprofit","Private nonprofit","Private nonprofit","Public","Private nonprofit","Private nonprofit","Public","Public","Private nonprofit","Private nonprofit","Public","Public","Private nonprofit","Private nonprofit","Public","Private nonprofit","Private nonprofit","Private nonprofit","Private nonprofit","Public","Private nonprofit","Private nonprofit","Private nonprofit","Private nonprofit","Public","Private nonprofit","Private nonprofit","Public","Public","Public","Public","Private nonprofit","Public","Private nonprofit","Public","Private nonprofit","Private nonprofit","Public","Private nonprofit","Private nonprofit","Public","Private nonprofit","Public","Public","Private nonprofit","Private nonprofit","Public","Public","Private nonprofit","Private nonprofit","Public","Private nonprofit","Private nonprofit","Public","Public","Private for-profit","Public","Public","Public","Public","Public","Private nonprofit","Public","Private nonprofit","Private nonprofit","Private nonprofit","Private nonprofit","Public","Public","Public","Public","Public","Private nonprofit","Private nonprofit","Public","Private nonprofit","Public","Private nonprofit","Public","Public","Public","Private nonprofit","Private nonprofit","Public","Public","Public","Private nonprofit","Private nonprofit","Public","Public","Public","Public","Public","Private nonprofit","Public","Public","Public","Private nonprofit","Private nonprofit","Private nonprofit","Private nonprofit","Private nonprofit","Private nonprofit","Private nonprofit","Public","Private nonprofit","Private nonprofit","Public","Public","Private for-profit","Private nonprofit","Public","Public","Private nonprofit","Public","Public","Public","Public","Public","Public","Public","Public","Private nonprofit","Public","Private for-profit","Private nonprofit","Public","Private nonprofit","Private nonprofit","Public","Public","Public","Public","Private nonprofit","Public","Public","Public","Public","Private nonprofit","Public","Private nonprofit","Public","Private nonprofit","Private nonprofit","Private nonprofit","Private nonprofit","Public","Public","Public","Public","Private nonprofit","Public","Public","Public","Public","Public","Private nonprofit","Private nonprofit","Public","Public","Private nonprofit","Private nonprofit","Private nonprofit","Public","Public","Public","Public","Public","Public","Private nonprofit","Public","Public","Public","Public","Public","Public","Public","Public","Public","Public","Public","Public","Public","Public","Public","Public","Private nonprofit","Private nonprofit","Public","Private nonprofit","Public","Public","Private nonprofit","Private nonprofit","Private nonprofit","Public","Public","Public","Public","Public","Public","Public","Public","Public"
"Citytype","Suburb","City","City","City","Suburb","City","City","City","City","City","Town","City","City","City","City","City","Suburb","City","Suburb","Suburb","City","City","City","City","City","Town","Suburb","City","City","City","City","City","Suburb","City","City","City","City","Suburb","City","City","City","City","City","City","Suburb","City","City","City","City","Suburb","City","Suburb","City","City","Suburb","City","City","City","Suburb","City","Suburb","Suburb","City","City","Town","City","City","Suburb","City","City","City","City","Suburb","City","Suburb","Town","City","Suburb","City","City","City","City","City","City","City","City","City","City","City","City","City","City","City","City","City","City","City","City","City","Suburb","City","Town","City","City","City","City","City","Town","City","City","Town","Suburb","City","City","City","City","City","City","City","City","City","City","City","City","Town","City","City","City","Suburb","City","City","City","City","City","Town","City","City","Suburb","City","Town","Suburb","City","City","Suburb","Suburb","Suburb","Suburb","Town","City","City","Suburb","City","Suburb","City","Suburb","City","Suburb","City","Suburb","Town","Rural","City","City","City","Town","City","Town","City","City","Town","Suburb","City","Suburb","Rural","Town","Suburb","Suburb","City","Suburb","City","City","Town","City","City","City","City","Rural","City","City","City","City","City","Town","Town","Town","City","Town","Suburb","Suburb","City","City","Town","City","City","Town","City","Suburb","Suburb","City","Suburb","Suburb","Town","City","Town","City","City","City","Rural","City","Suburb","Suburb","City"
"SAT","1493","1506","1508","1502","1476","1496","1519","1460","1481","1476","1441","1555","1470","1459","1436","1490","1474","1495","1472","1397","1422","1422","1395","1458","1334","963","1445","NULL","1386","1338","1378","NULL","1360","1377","1555","1371","1408","1281","1328","1434","1365","1346","1206","1340","1323","NULL","1324","1320","1302","1251","1287","1350","1266","1301","1330","1262","1281","1204","1248","NULL","1337","1269","1217","1293","982","1230","1246","1360","1288","1262","NULL","1205","1234","NULL","1170","1276","1201","1354","1194","1223","1165","1199","1262","1237","1308","1200","1214","1216","1273","1229","1204","1259","1217","1195","1157","1275","1111","1125","1088","1254","1150","NULL","1155","1144","1185","1180","1116","1155","1144","NULL","1242","1156","NULL","1185","1078","1204","1204","1085","1085","NULL","1165","1142","NULL","NULL","1190","1147","1159","NULL","1177","1159","NULL","1211","1204","1170","1155","1005","1164","1165","1127","1054","1114","1132","NULL","1078","1090","970","1040","970","1422","1105","1172","1108","1081","1125","1216","1110","1093","1094","1114","1265","1134","1200","1069","1179","1070","1165","1102","1057","1142","1125","NULL","1117","1179","NULL","1127","1035","1073","1069","1050","1020","1046","NULL","1091","825","1152","1030","NULL","1064","1025","1257","1077","1088","1049","1105","1069","1090","1050","1017","1060","1112","1040","1126","1010","1126","1051","1060","1030","1127","1029","1069","NULL","987","1009","1103","1070","1087","907","NULL","1073","1025","1101","1054"
"AvgCost","61860","64400","70100","66445","64477","69021","63250","67005","66800","65473","67044","63471","67887","65380","65464","58253","64775","63532","67751","63058","66971","34924","67064","65877","33078","21138","65814","64442","27725","24327","65595","65364","33630","65954","63471","67637","61371","34998","65809","62789","66172","64926","31198","60391","59833",NA,"31043","29764","24594","66152","20571","62583","25520","65218","66889","24991","63109","61070","29128","60878","24041","27722","57355","17395","25788","29388","56701","62100","25370","60501","51609","24682","28000","22519","24557","29413","34608","31226","25809","58040","21010","51316","59656","61004","53667","24432","21938","30573","22226","31393","67821","54698","29794","54324","24430","57277","24209","22684","21495","50713","61072",NA,"18424","19182","53530","56899","18444","23372","22535",NA,"26587","51395","30166","23687","31494","50515","50515","41141","41141","50997","48219","43116","24633","57561","61992","23931","24885",NA,"55322","26143","21989","48766","29143","21817","23372","23299","26683","24347","26189","26441","47647","22056",NA,"43779","27421","50339","50603","14626","34924","25131","26318","51149","27552","22684","23818","20926","48857","29278","43804","21698","52168","47458","39116","55984","20045","24768","19169","23157","42170","22818","24885","22112","21168","12891","36529","48284","22904","19512","42015","48936","51495",NA,"19602","19242","23858","23598","14572","40889","20451","22059","20306","20702","22778","18954","25761","19290","20806","17049","16694","19723","20567","19441","22806","21575","32390","36371","28725","43351","26868","24599","38036","41020","44258","23109","20469","18093","16078","10972","21884","25410","22105","18764"
"Major_agriculture","0","0","0","0","0","0","0","0","0","0","0","0","0","0","1","0","0","0","0","0","0","0","0","0","0","0","0","0","0","0","0","0","0","0","0","0","0","0","0","0","0","0","0","0","0","0","0","1","1","0","1","0","1","0","0","1","0","0","1","0","1","1","0","1","0","1","0","0","1","0","0","1","1","0","2","0","1","0","1","1","0","0","0","0","0","0","0","1","1","0","0","0","1","0","0","0","0","0","0","0","0","0","0","1","0","0","0","0","2","0","0","0","1","0","0","0","0","0","0","0","0","0","1","0","0","0","2","0","0","1","1","0","0","1","0","0","1","0","2","1","0","0","0","0","1","0","0","1","0","0","0","0","1","0","0","0","0","0","0","0","0","0","0","0","1","0","1","0","0","1","0","2","0","0","1","0","1","1","0","0","0","0","1","0","0","0","0","0","0","0","0","1","0","1","1","0","0","0","0","0","0","1","0","0","0","0","0","0","1","0","0","0","0","1","0","2","1","0","0","0","0","0"
"Major_NatureResource","0","1","1","1","0","1","0","1","1","1","1","0","1","1","1","1","1","0","1","1","0","1","1","1","1","0","1","0","1","1","1","1","0","1","0","0","1","1","0","1","1","1","1","1","1","0","1","1","1","0","1","1","1","1","1","1","1","0","1","0","1","1","0","0","0","1","1","0","1","1","1","1","1","0","1","1","1","0","1","1","1","1","2","1","1","1","1","2","1","1","1","1","1","1","1","0","1","0","1","1","1","0","1","1","1","1","1","0","1","0","1","1","1","1","1","1","1","1","1","1","1","0","1","0","1","1","1","0","1","1","1","1","1","1","0","1","1","1","2","1","1","1","0","0","0","0","1","0","1","0","0","0","1","0","1","0","1","1","1","0","1","0","1","1","1","0","1","1","1","1","0","1","0","0","0","0","1","1","1","1","0","0","1","0","1","1","0","1","1","0","0","1","1","1","1","0","0","0","1","0","0","2","0","1","1","1","1","1","1","0","1","0","1","1","0","1","1","0","1","0","0","0"
"Major_Architecture","1","0","0","1","0","1","1","0","1","0","0","0","1","0","1","1","1","0","1","0","0","1","1","1","1","0","1","0","1","0","0","0","0","0","0","0","1","0","1","1","1","1","1","1","1","0","0","1","1","0","1","0","1","0","0","1","0","1","1","0","1","1","0","0","0","1","0","0","1","0","0","1","1","0","1","1","0","0","1","0","0","0","0","1","0","0","0","0","1","1","1","0","1","0","1","1","1","0","0","0","1","0","0","1","0","0","1","0","1","0","0","0","1","1","0","0","0","0","0","1","0","1","2","1","0","1","1","0","0","1","1","0","1","1","0","0","1","0","0","1","0","0","0","0","0","0","0","0","1","1","0","0","1","0","0","0","0","0","0","0","0","0","0","0","1","0","0","1","0","1","0","1","1","0","1","0","0","1","0","0","0","0","1","0","1","1","0","0","0","0","1","0","0","1","1","0","0","0","0","1","1","1","0","1","0","0","0","0","1","0","0","0","0","0","1","1","0","0","0","0","0","0"
"Major_CS","0","1","1","1","1","1","1","1","1","2","1","1","1","1","1","1","1","1","1","1","1","1","1","1","1","1","1","1","1","1","1","1","1","1","1","1","1","1","1","1","1","1","1","1","1","0","1","1","1","1","2","1","1","2","1","1","1","1","1","1","1","1","1","1","1","2","1","1","2","1","1","1","1","0","1","1","1","1","1","1","1","1","1","1","1","1","1","1","1","1","1","1","1","2","0","1","1","1","1","1","1","0","1","1","1","1","1","1","1","0","1","1","1","1","1","1","1","1","1","2","2","1","2","1","1","1","1","0","1","1","1","1","1","1","1","1","1","2","2","1","1","1","0","1","1","2","1","1","1","1","2","1","1","1","1","1","1","1","1","1","1","1","1","1","1","0","1","1","1","1","1","1","1","0","1","2","1","1","1","1","1","2","1","1","1","1","0","0","1","1","1","1","1","1","1","1","1","1","1","1","2","1","2","1","1","1","1","1","2","0","1","2","0","1","1","1","1","0","1","1","1","2"
"Major_Edu","0","0","0","0","0","1","0","1","0","1","0","0","1","1","1","0","1","1","1","1","0","0","1","1","0","0","0","1","1","1","1","1","0","1","0","1","1","0","1","0","0","1","1","0","1","0","1","1","1","1","1","1","2","0","1","2","1","1","1","0","1","1","1","1","1","0","1","0","2","1","0","0","1","0","1","1","1","0","1","1","1","1","0","0","1","1","1","1","1","1","1","1","1","1","0","0","1","1","1","0","0","0","0","1","1","1","1","2","1","0","0","1","1","1","0","1","1","0","0","1","1","1","2","1","0","1","1","0","1","1","1","1","0","1","2","0","2","1","1","1","1","1","0","1","1","1","1","1","0","1","0","1","1","1","1","1","1","1","1","0","1","1","1","1","1","1","1","1","1","1","1","0","2","0","1","1","1","1","2","1","1","2","1","1","0","1","0","2","1","1","2","1","1","1","2","2","1","1","2","1","2","2","2","1","1","1","1","2","1","1","1","2","1","2","2","1","1","0","1","1","1","2"
"Major_Engineering","1","2","0","1","1","1","1","1","1","2","1","1","1","1","1","1","1","1","1","1","0","1","1","1","1","1","1","1","1","1","0","1","0","0","1","2","1","1","1","1","1","1","1","1","1","0","1","1","1","0","1","1","1","1","1","1","1","1","1","1","1","2","1","1","1","1","1","1","2","0","0","1","1","0","1","1","1","1","1","1","1","1","1","1","1","0","1","1","1","1","1","1","1","1","1","1","0","1","1","1","0","0","1","1","1","1","1","1","1","0","1","0","1","1","1","1","1","0","0","0","0","1","1","1","1","1","1","0","1","1","1","1","1","1","1","1","1","1","1","2","0","1","0","0","0","0","0","0","1","1","1","1","1","1","1","1","1","1","1","1","0","1","0","1","1","1","1","1","1","1","0","1","1","0","1","0","1","1","1","1","1","0","1","1","1","1","0","0","1","1","1","1","1","1","1","1","0","1","1","1","1","1","2","1","0","0","1","1","1","0","1","0","0","1","1","1","1","0","1","1","1","0"
"Major_Bio","1","2","1","1","1","1","1","1","1","1","1","1","1","1","1","1","1","1","1","1","1","1","1","1","1","0","1","1","1","1","1","1","1","1","1","1","1","1","1","1","1","1","1","1","1","0","1","1","1","1","2","1","1","1","1","1","1","1","1","1","1","1","1","1","1","1","1","1","1","1","1","1","1","0","1","1","1","0","1","1","1","1","1","1","1","1","1","1","1","1","1","1","1","1","1","1","1","1","1","1","1","0","1","1","1","1","1","1","1","0","1","1","1","1","1","1","1","1","1","1","1","1","1","1","1","1","1","0","1","1","1","1","1","1","1","1","1","1","1","1","1","1","0","1","1","1","1","1","1","1","1","1","1","1","1","1","1","1","1","1","1","1","1","1","1","1","1","1","1","1","1","1","1","0","1","1","1","1","1","1","1","1","1","1","1","1","0","1","1","1","1","1","1","1","1","1","1","1","1","1","1","1","1","1","1","1","1","1","1","1","1","1","1","1","1","1","1","0","1","1","1","1"
"Major_MathStat","1","1","1","1","1","1","1","1","1","1","1","1","1","1","1","1","1","1","1","1","1","1","1","1","1","1","1","1","1","1","1","1","1","1","1","1","1","1","1","1","1","1","1","1","1","0","1","1","1","1","1","1","1","1","1","1","1","1","1","1","1","1","1","1","1","1","1","1","1","1","1","1","1","0","1","1","1","1","1","1","1","1","1","1","1","1","1","1","1","1","1","1","1","1","0","1","1","1","1","1","1","0","1","1","1","1","1","1","1","0","1","1","1","1","1","1","1","1","1","1","1","1","1","1","1","1","1","0","1","1","1","1","1","1","1","1","1","1","1","1","1","1","0","1","1","1","1","1","1","1","2","1","1","1","1","1","1","1","1","1","1","1","1","1","1","1","1","1","1","1","1","1","1","0","1","1","1","1","1","1","1","1","1","1","1","1","0","1","1","1","1","1","1","1","1","1","1","1","1","1","1","2","1","1","1","1","1","0","1","1","1","1","1","1","1","1","1","0","1","1","1","1"
"Major_Psychology","1","1","1","1","1","1","0","1","1","1","1","0","1","1","1","1","1","1","1","1","1","1","1","1","1","0","1","1","1","1","1","1","1","1","0","1","1","1","1","1","1","1","1","1","1","0","1","1","1","1","2","1","1","1","1","1","1","1","1","1","1","1","1","1","1","2","1","0","1","1","1","1","1","0","1","1","1","0","1","1","1","1","1","1","1","1","1","1","1","1","1","1","1","2","0","1","1","1","1","1","1","0","1","1","1","1","1","1","1","0","1","1","1","2","1","1","1","1","1","1","1","1","2","1","1","1","2","0","1","1","1","2","0","1","1","2","1","1","2","2","1","1","2","1","1","1","1","1","1","1","2","1","1","1","1","1","1","1","1","1","1","1","1","1","1","1","1","1","1","1","1","1","2","0","1","1","1","1","2","1","1","1","1","2","1","1","0","2","1","1","2","1","2","1","1","2","1","1","1","1","1","1","2","1","1","2","1","1","1","1","1","1","1","1","1","2","1","0","1","1","1","1"
"Major_SocialScience","1","2","1","1","1","1","1","1","1","1","1","1","1","1","1","1","1","1","1","1","1","1","1","1","1","1","1","1","1","1","1","1","1","1","1","2","1","1","1","1","1","1","1","1","1","0","1","1","1","1","2","1","2","1","1","1","1","1","1","1","1","1","1","1","1","2","1","1","1","1","1","1","1","0","1","1","1","1","1","1","1","1","2","1","1","1","1","1","1","1","1","1","1","1","0","1","1","1","1","1","1","0","1","1","1","1","1","1","1","0","1","1","1","1","1","1","1","1","1","1","1","1","1","1","1","1","2","0","1","1","1","1","0","1","1","2","1","1","2","2","1","1","0","1","1","1","1","1","1","1","1","1","1","1","1","1","1","1","1","1","1","1","1","0","1","1","1","1","1","1","1","1","2","0","1","1","2","1","2","1","1","1","2","1","1","1","0","2","1","1","2","1","2","1","2","1","1","2","1","1","1","1","2","1","1","2","1","1","1","1","1","2","1","1","1","2","1","0","1","2","2","1"
"Major_Business","0","0","0","0","0","1","1","0","1","2","0","1","1","1","1","1","1","0","1","1","1","1","1","1","1","1","0","1","1","1","1","1","1","1","1","2","1","1","1","1","1","1","1","1","1","0","1","1","1","2","1","2","1","1","1","2","1","1","1","1","1","1","1","1","1","2","1","1","2","1","1","1","2","1","1","1","1","0","1","1","2","1","2","1","1","2","1","1","1","1","1","2","1","2","1","1","1","2","1","1","1","0","1","1","1","1","1","1","1","0","1","2","2","1","1","1","1","1","1","1","2","1","2","1","1","1","1","0","1","1","2","1","1","2","1","2","1","1","1","2","1","1","0","1","1","2","2","2","1","2","2","1","1","2","1","1","1","1","2","1","1","2","1","1","1","1","1","2","2","1","1","1","1","0","1","2","1","1","2","1","1","2","1","1","1","1","0","2","2","1","2","1","2","2","1","1","1","2","2","1","2","1","2","1","2","2","1","2","2","1","2","2","1","1","2","1","1","0","1","2","2","2"
"Major_History","1","2","1","1","1","1","1","1","1","1","1","1","1","1","1","1","1","1","1","1","1","1","1","1","1","1","1","1","1","1","1","1","1","1","1","1","1","1","1","1","0","1","1","1","1","0","1","1","1","1","1","1","1","1","1","1","1","1","1","0","1","1","1","1","0","1","1","0","1","1","1","1","1","0","1","1","1","0","1","1","1","1","1","1","1","1","1","1","1","1","1","1","1","1","0","0","1","1","1","0","1","0","1","1","1","1","1","1","1","0","1","1","1","1","1","1","1","1","1","1","1","1","2","1","1","1","1","0","1","1","1","1","1","1","1","1","1","1","2","1","1","1","0","1","1","1","1","1","1","1","1","1","1","1","1","1","1","1","1","1","1","1","1","0","2","1","1","1","1","1","1","1","2","0","1","1","1","1","1","1","1","1","1","1","1","1","0","1","1","1","1","1","1","1","1","1","1","1","1","1","1","1","1","1","1","2","1","1","1","1","1","1","1","1","1","1","1","0","1","1","2","1"
"Tuition.and.fees.y","$45,320 ","$47,074 ","$52,491 ","$49,480 ","$47,940 ","$55,056 ","$48,452 ","$51,265 ","$51,464 ","$50,410 ","$51,438 ","$47,577 ","$50,855 ","$51,367 ","$50,953 ","$43,918 ","$49,685 ","$45,610 ","$49,770 ","$47,954 ","$50,547 ","$40,191 ","$52,217 ","$52,040 ","$39,518 ","$45,066 ","$52,430 ","$49,308 ","$43,476 ","$33,916 ","$51,296 ","$50,142 ","$41,718 ","$51,570 ","$32,404 ","$49,062 ","$46,006 ","$40,704 ","$50,240 ","$47,655 ","$50,797 ","$51,010 ","$39,458 ","$48,320 ","$47,004 ","$40,728 ","$41,387 ","$31,320 ","$32,738 ","$50,022 ","$28,666 ","$49,280 ","$34,791 ","$51,950 ","$50,358 ","$29,844 ","$47,317 ","$45,022 ","$35,858 ","$46,994 ","$32,045 ","$32,796 ","$40,670 ","$5,300 ","$29,758 ","$30,023 ","$42,006 ","$48,838 ","$22,210 ","$44,853 ","$43,150 ","$28,768 ","$30,123 ","$29,371 ","$31,420 ","$31,592 ","$40,241 ","$34,828 ","$39,090 ","$42,670 ","$28,413 ","$38,470 ","$46,362 ","$46,140 ","$38,796 ","$34,246 ","$24,673 ","$40,364 ","$26,399 ","$35,079 ","$51,030 ","$40,726 ","$28,840 ","$41,384 ","$17,620 ","$45,214 ","$33,442 ","$26,950 ","$30,858 ","$38,568 ","$44,494 ","$31,424 ","$31,282 ","$21,483 ","$40,940 ","$44,588 ","$27,039 ","$25,892 ","$23,148 ","$21,451 ","$30,968 ","$39,258 ","$25,994 ","$25,932 ","$40,263 ","$39,594 ","$39,594 ","$39,594 ","$39,594 ","$37,626 ","$35,062 ","$24,908 ","$30,025 ","$42,536 ","$46,132 ","$25,458 ","$28,374 ","$45,535 ","$42,160 ","$26,334 ","$23,429 ","$35,130 ","$30,326 ","$23,168 ","$22,012 ","$29,480 ","$26,334 ","$32,582 ","$28,846 ","$25,673 ","$34,034 ","$18,244 ","$21,208 ","$31,880 ","$20,886 ","$35,210 ","$39,900 ","$20,978 ","$39,944 ","$26,526 ","$29,125 ","$38,940 ","$28,852 ","$17,654 ","$24,492 ","$17,325 ","$36,696 ","$31,608 ","$27,958 ","$26,152 ","$39,460 ","$30,420 ","$27,530 ","$40,446 ","$22,040 ","$24,626 ","$16,215 ","$25,428 ","$29,756 ","$20,142 ","$20,318 ","$22,861 ","$22,467 ","$21,302 ","$27,684 ","$36,120 ","$29,498 ","$21,432 ","$28,250 ","$35,578 ","$37,790 ","$18,376 ","$19,790 ","$42,772 ","$25,410 ","$25,713 ","$18,332 ","$25,750 ","$29,791 ","$20,622 ","$29,334 ","$21,052 ","$23,670 ","$25,851 ","$11,403 ","$18,899 ","$11,688 ","$17,596 ","$22,469 ","$20,193 ","$22,904 ","$23,042 ","$27,028 ","$22,714 ","$20,392 ","$26,180 ","$23,799 ","$27,660 ","$27,130 ","$24,562 ","$32,170 ","$29,850 ","$31,322 ","$24,800 ","$16,094 ","$19,772 ","$17,209 ","$21,234 ","$32,023 ","$19,270 ","$26,277 ","$21,595 "
"Earn","93200","112800","81700","100500","122100","92100","126500","98300","106900","73700","85300","80500","73500","68500","81200","76800","78700","69700","68900","71800","99400","62500","74300","87400","58800","37400","82900","62900","65800","58200","77600","61200","59300","53300","80500","62800","74200","49600","59800","61900","71400","67600","51500","75600","60400","118500","55200","58100","57600","67300","54300","70700","57200","70000","62600","48500","53400","55000","55200","72900","57500","48700","65500","54900","51500","54700","48000","73900","49900","55200","43400","56400","46600","23600","53100","45400","42400","80900","51700","51700","51500","59500","53000","60400","50000","48300","44700","44500","49200","47000","62900","53700","46800","51800","42100","66500","42300","42000","35900","56100","62200","97700","32200","47600","50200","74300","51800","48000","44300","52000","56800","53400","49700","48900","43500","50800","49600","49600","50800","49700","60300","46000","46200","51100","61900","46600","43600","PrivacySuppressed","49500","46400","43500","52200","59200","44500","48000","54700","42100","55400","47000","48300","53700","46400","NULL","43900","43700","49500","44900","36600","62500","51700","48600","44000","49100","42000","49700","41500","42700","42300","45500","61400","54800","42900","42600","50300","39800","41100","47000","37700","41200","40600","44600","50600","42800","37200","37200","47600","41000","44000","44000","47900","42000","37700","47500","25700","51200","41600","37500","34800","43000","44900","59900","47300","38800","42900","43600","48400","41300","43400","40200","42300","38700","41500","42000","47500","37400","43700","42400","49800","42100","30800","45600","36100","45800","39700","36700","41200","39800","34000","45000","42600","41100","35200"
"CrimeRate"," 261.2"," 391.4"," 370.0"," 236.9"," 396.1"," 381.8"," 391.4"," 329.5"," 314.1"," 446.1"," 196.1"," 396.1"," 370.0"," 219.2"," 381.8"," 405.9"," 365.3"," 608.4"," 442.9"," 377.3","1244.4"," 396.1"," 396.1"," 314.1"," 396.1"," 196.2"," 391.4"," 329.5"," 427.3"," 329.5"," 391.4"," 381.8"," 196.2"," 391.4"," 396.1"," 381.8"," 284.9"," 396.1"," 391.4"," 391.4"," 381.8"," 514.7"," 396.1"," 314.1"," 540.5"," 396.1"," 396.1"," 370.0"," 290.3"," 396.1"," 540.5"," 314.1"," 285.2","1244.4"," 405.9"," 377.3"," 381.8"," 381.8"," 236.9"," 391.4"," 446.1"," 497.7"," 381.8"," 215.6"," 314.1"," 261.2"," 405.9"," 261.2"," 229.1","1244.4"," 391.4"," 405.9"," 391.4"," 196.2"," 489.1"," 284.9"," 396.1"," 309.1"," 427.3"," 405.9"," 273.5"," 290.3"," 309.1"," 396.1"," 406.0"," 365.3"," 540.5","  99.3"," 329.5"," 309.1"," 314.1"," 442.9"," 427.4"," 370.0"," 381.8"," 370.0"," 232.3"," 427.4"," 608.4"," 381.8"," 396.1"," 196.1"," 329.5"," 273.5"," 284.9"," 396.1"," 215.6"," 278.5"," 280.4"," 406.0"," 427.3"," 261.2"," 314.1"," 348.6"," 396.1"," 229.1"," 229.1"," 405.9"," 405.9"," 370.0"," 314.1","1244.4"," 399.9","1244.4"," 381.8"," 399.9"," 309.1"," 480.1"," 381.8"," 211.6"," 348.6"," 377.3"," 261.2"," 480.1"," 278.5"," 261.2"," 284.9"," 196.2"," 232.3"," 285.2"," 381.8"," 396.1"," 396.1"," 381.8"," 370.0"," 314.1"," 396.1"," 406.0"," 396.1"," 370.0"," 391.4"," 285.2"," 219.2"," 427.4"," 446.1"," 540.5"," 396.1"," 196.2"," 442.9"," 442.9"," 229.1"," 608.4"," 290.3"," 540.5"," 212.2"," 211.6"," 195.5"," 365.3"," 608.4"," 278.5"," 261.2"," 405.9"," 540.5"," 597.4"," 427.3"," 396.1"," 127.8"," 302.0"," 314.1"," 391.4"," 236.9"," 427.4"," 265.1"," 427.4"," 405.9"," 427.3"," 284.9"," 391.4"," 365.3"," 427.4"," 309.1"," 635.6"," 427.3"," 514.7"," 326.5"," 265.1"," 326.5"," 396.1"," 635.8"," 329.5"," 329.5"," 323.7"," 196.2"," 442.9"," 284.9"," 405.9"," 370.0"," 540.5"," 370.0"," 427.4"," 370.0"," 329.5"," 196.2"," 608.4"," 278.5"," 215.6"," 396.1"," 597.4"," 391.4"," 391.4"," 442.9"," 329.5"
"HappyRank","20","16","25","17","10","26","16","30","34","23","11","10","25","27","26","29","40","45","42","37","18","10","10","34","10","21","16","30","43","30","16","26","21","16","10","26","39","10","16","16","26","46","10","34","35","10","10","25","15","10","35","34","12","18","29","37","26","26","17","16","23","38","26"," 1","34","20","29","20"," 2","18","16","29","16","21","19","39","10"," 5","43","29"," 7","15"," 5","10","44","40","35","14","30"," 5","34","42","50","25","26","25","32","50","45","26","10","11","30"," 7","39","10"," 1","48"," 8","44","43","20","34","24","10"," 2"," 2","29","29","25","34","18","31","18","26","31"," 5","47","26","49","24","37","20","47","48","20","39","21","32","12","26","10","10","26","25","34","10","44","10","25","16","12","27","50","23","35","10","21","42","42"," 2","45","15","35"," 6","49","13","40","45","48","20","29","35","41","43","10","33","51","34","16","17","50"," 3","50","29","43","39","16","40","50"," 5","36","43","46"," 9"," 3"," 9","10","28","30","30","22","21","42","39","29","25","35","25","50","25","30","21","45","48"," 1","10","41","16","16","42","30"
"HappyScore","56.82","57.42","52.60","57.04","59.96","52.54","57.42","52.16","49.98","55.14","59.50","59.96","52.60","52.37","52.54","52.23","45.94","39.96","44.58","47.43","57.01","59.96","59.96","49.98","59.96","56.61","57.42","52.16","44.17","52.16","57.42","52.54","56.61","57.42","59.96","52.54","46.04","59.96","57.42","57.42","52.54","39.03","59.96","49.98","49.14","59.96","59.96","52.60","57.80","59.96","49.14","49.98","59.26","57.01","52.23","47.43","52.54","52.54","57.04","57.42","55.14","47.06","52.54","71.02","49.98","56.82","52.23","56.82","69.09","57.01","57.42","52.23","57.42","56.61","57.01","46.04","59.96","61.59","44.17","52.23","60.92","57.80","61.59","59.96","41.36","45.94","49.14","58.01","52.16","61.59","49.98","44.58","34.15","52.60","52.54","52.60","51.40","34.15","39.96","52.54","59.96","59.50","52.16","60.92","46.04","59.96","71.02","36.05","60.65","41.36","44.17","56.82","49.98","54.55","59.96","69.09","69.09","52.23","52.23","52.60","49.98","57.01","51.51","57.01","52.54","51.51","61.59","38.22","52.54","35.08","54.55","47.43","56.82","38.22","36.05","56.82","46.04","56.61","51.40","59.26","52.54","59.96","59.96","52.54","52.60","49.98","59.96","41.36","59.96","52.60","57.42","59.26","52.37","34.15","55.14","49.14","59.96","56.61","44.58","44.58","69.09","39.96","57.80","49.14","60.93","35.08","59.24","45.94","39.96","36.05","56.82","52.23","49.14","45.02","44.17","59.96","51.32","32.65","49.98","57.42","57.04","34.15","67.95","34.15","52.23","44.17","46.04","57.42","45.94","34.15","61.59","48.23","44.17","39.03","60.08","67.95","60.08","59.96","52.23","52.16","52.16","55.49","56.61","44.58","46.04","52.23","52.60","49.14","52.60","34.15","52.60","52.16","56.61","39.96","36.05","71.02","59.96","45.02","57.42","57.42","44.58","52.16"
